[{"hotel_Name":"Schultz Group","hotel_Location":"72 Gateway Road","hotel_Contact_num":"719-426-5200","hotel_Ratings":5.5,"luxuryHotel_id":1,"hotelFacilities":"Spa Facilities"},{"hotel_Name":"Champlin and Sons","hotel_Location":"382 Golf Course Pass","hotel_Contact_num":"828-786-2225","hotel_Ratings":7.9,"luxuryHotel_id":73,"hotelFacilities":"Spa Facilities"},{"hotel_Name":"Lakin LLC www","hotel_Location":"44535 Granby Junction","hotel_Contact_num":"812-527-8118","hotel_Ratings":5.3,"luxuryHotel_id":74,"hotelFacilities":"Spa Facilities"},{"hotel_Name":"Schaden-Powlowski","hotel_Location":"3332 Mosinee Place","hotel_Contact_num":"979-543-5964","hotel_Ratings":6.2,"luxuryHotel_id":75,"hotelFacilities":"Spa Facilities"},{"hotel_Name":"Schulist, Leannon and Aufderhar","hotel_Location":"2803 Golf Course Lane","hotel_Contact_num":"822-548-4754","hotel_Ratings":7.0,"luxuryHotel_id":76,"hotelFacilities":"Swimming pool"},{"hotel_Name":"Heathcote-Cassin","hotel_Location":"6 Muir Street","hotel_Contact_num":"695-641-8074","hotel_Ratings":2.4,"luxuryHotel_id":77,"hotelFacilities":"Fine Dining"},{"hotel_Name":"Labadie, Bruen and Ondricka","hotel_Location":"273 Paget Lane","hotel_Contact_num":"143-156-9709","hotel_Ratings":6.5,"luxuryHotel_id":80,"hotelFacilities":"Swimming pool"},{"hotel_Name":"McClure-Walker","hotel_Location":"23 Packers Crossing","hotel_Contact_num":"804-506-6178","hotel_Ratings":7.9,"luxuryHotel_id":81,"hotelFacilities":"Spa Facilities"},{"hotel_Name":"Dach-Larson","hotel_Location":"67667 Brown Place","hotel_Contact_num":"941-508-5854","hotel_Ratings":7.0,"luxuryHotel_id":88,"hotelFacilities":"Swimming pool"},{"hotel_Name":"Shanahan and Sons","hotel_Location":"32 Barnett Circle","hotel_Contact_num":"279-322-3407","hotel_Ratings":2.3,"luxuryHotel_id":89,"hotelFacilities":"Fine Dining"},{"hotel_Name":"Friesen and Sons","hotel_Location":"79 Anderson Road","hotel_Contact_num":"817-635-4871","hotel_Ratings":4.5,"luxuryHotel_id":90,"hotelFacilities":"Fine Dining"},{"hotel_Name":"Hirthe and Sons","hotel_Location":"93 Barby Junction","hotel_Contact_num":"217-282-6713","hotel_Ratings":9.7,"luxuryHotel_id":91,"hotelFacilities":"Swimming pool"},{"hotel_Name":"Zemlak-Kreiger","hotel_Location":"4178 Armistice Junction","hotel_Contact_num":"114-851-5801","hotel_Ratings":4.9,"luxuryHotel_id":92,"hotelFacilities":"Spa Facilities"},{"hotel_Name":"Corkery LLC","hotel_Location":"645 Farmco Terrace","hotel_Contact_num":"601-241-9675","hotel_Ratings":3.3,"luxuryHotel_id":93,"hotelFacilities":"Fine Dining"},{"hotel_Name":"Jacobson Group","hotel_Location":"70 Manley Terrace","hotel_Contact_num":"669-500-3374","hotel_Ratings":1.2,"luxuryHotel_id":94,"hotelFacilities":"Spa Facilities"},{"hotel_Name":"Pacocha Group","hotel_Location":"00 Sugar Trail","hotel_Contact_num":"268-811-4497","hotel_Ratings":4.4,"luxuryHotel_id":95,"hotelFacilities":"Swimming pool"},{"hotel_Name":"Zboncak Inc","hotel_Location":"7430 Donald Drive","hotel_Contact_num":"647-864-9173","hotel_Ratings":4.9,"luxuryHotel_id":96,"hotelFacilities":"Swimming pool"},{"hotel_Name":"Jacobi, Wolf and Pacocha","hotel_Location":"2245 Dakota Street","hotel_Contact_num":"304-994-3953","hotel_Ratings":3.1,"luxuryHotel_id":97,"hotelFacilities":"Fine Dining"},{"hotel_Name":"Durgan and Sons","hotel_Location":"17794 Bellgrove Court","hotel_Contact_num":"826-809-3670","hotel_Ratings":8.4,"luxuryHotel_id":98,"hotelFacilities":"Spa Facilities"},{"hotel_Name":"Corwin LLC","hotel_Location":"1325 Dorton Center","hotel_Contact_num":"107-567-7205","hotel_Ratings":8.4,"luxuryHotel_id":99,"hotelFacilities":"Fine Dining"},{"hotel_Name":"Bartoletti Group","hotel_Location":"4 Bellgrove Way","hotel_Contact_num":"674-956-9805","hotel_Ratings":5.7,"luxuryHotel_id":100,"hotelFacilities":"Spa Facilities"},{"hotel_Name":"Oberoi","hotel_Location":"Mumbai","hotel_Contact_num":"56577489993","hotel_Ratings":5.0,"luxuryHotel_id":30,"hotelFacilities":"Fine Dining"},{"hotel_Name":"leena","hotel_Location":"kerala","hotel_Contact_num":"3333","hotel_Ratings":2.0,"luxuryHotel_id":123,"hotelFacilities":"gym"},{"hotel_Name":"taj","hotel_Location":"delhi","hotel_Contact_num":"989898","hotel_Ratings":3.0,"luxuryHotel_id":222,"hotelFacilities":"gym"},{"hotel_Name":"leena","hotel_Location":"london","hotel_Contact_num":"222222","hotel_Ratings":2.0,"luxuryHotel_id":100,"hotelFacilities":"gym"}]