[{"Payment":1200000,"C_temp":21,"H_temp":93,"Check_out_Date":"25/11/2023","Reservation_Id":100,"Check_in_Date":"23/2/2024"},{"Payment":69740,"C_temp":48,"H_temp":98,"Check_out_Date":"1/4/2023","Reservation_Id":7,"Check_in_Date":"27/12/2023"},{"Payment":86330,"C_temp":41,"H_temp":81,"Check_out_Date":"7/5/2023","Reservation_Id":89,"Check_in_Date":"7/2/2024"},{"Payment":58311,"C_temp":38,"H_temp":99,"Check_out_Date":"12/7/2023","Reservation_Id":94,"Check_in_Date":"20/9/2023"},{"Payment":85296,"C_temp":47,"H_temp":1,"Check_out_Date":"4/9/2023","Reservation_Id":20,"Check_in_Date":"26/8/2023"},{"Payment":73796,"C_temp":47,"H_temp":1,"Check_out_Date":"13/8/2023","Reservation_Id":90,"Check_in_Date":"20/1/2024"},{"Payment":80315,"C_temp":47,"H_temp":1,"Check_out_Date":"25/5/2023","Reservation_Id":80,"Check_in_Date":"24/12/2023"},{"Payment":57351,"C_temp":47,"H_temp":1,"Check_out_Date":"5/5/2023","Reservation_Id":83,"Check_in_Date":"13/10/2023"},{"Payment":86083,"C_temp":47,"H_temp":1,"Check_out_Date":"18/12/2023","Reservation_Id":94,"Check_in_Date":"7/8/2023"},{"Payment":84845,"C_temp":36,"H_temp":1,"Check_out_Date":"8/10/2023","Reservation_Id":33,"Check_in_Date":"20/4/2023"},{"Payment":75376,"C_temp":36,"H_temp":1,"Check_out_Date":"21/3/2024","Reservation_Id":4,"Check_in_Date":"7/12/2023"},{"Payment":62234,"C_temp":36,"H_temp":1,"Check_out_Date":"29/8/2023","Reservation_Id":87,"Check_in_Date":"5/6/2023"},{"Payment":74748,"C_temp":21,"H_temp":1,"Check_out_Date":"25/9/2023","Reservation_Id":29,"Check_in_Date":"7/1/2024"},{"Payment":92910,"C_temp":21,"H_temp":1,"Check_out_Date":"24/12/2023","Reservation_Id":42,"Check_in_Date":"1/1/2024"},{"Payment":65110,"C_temp":21,"H_temp":99,"Check_out_Date":"14/2/2024","Reservation_Id":79,"Check_in_Date":"18/9/2023"},{"Payment":52887,"C_temp":21,"H_temp":89,"Check_out_Date":"23/12/2023","Reservation_Id":40,"Check_in_Date":"9/5/2023"},{"Payment":50398,"C_temp":21,"H_temp":76,"Check_out_Date":"10/8/2023","Reservation_Id":9,"Check_in_Date":"15/12/2023"},{"Payment":88637,"C_temp":36,"H_temp":76,"Check_out_Date":"4/6/2023","Reservation_Id":59,"Check_in_Date":"6/1/2024"},{"Payment":92156,"C_temp":36,"H_temp":75,"Check_out_Date":"26/12/2023","Reservation_Id":81,"Check_in_Date":"8/10/2023"},{"Payment":66712,"C_temp":15,"H_temp":75,"Check_out_Date":"25/7/2023","Reservation_Id":64,"Check_in_Date":"10/12/2023"},{"Payment":75704,"C_temp":15,"H_temp":91,"Check_out_Date":"14/7/2023","Reservation_Id":29,"Check_in_Date":"21/3/2024"},{"Payment":75007,"C_temp":10,"H_temp":91,"Check_out_Date":"19/10/2023","Reservation_Id":52,"Check_in_Date":"6/6/2023"},{"Payment":51885,"C_temp":38,"H_temp":91,"Check_out_Date":"29/2/2024","Reservation_Id":80,"Check_in_Date":"19/12/2023"},{"Payment":62092,"C_temp":38,"H_temp":91,"Check_out_Date":"1/4/2023","Reservation_Id":90,"Check_in_Date":"5/7/2023"},{"Payment":55191,"C_temp":20,"H_temp":91,"Check_out_Date":"24/10/2023","Reservation_Id":79,"Check_in_Date":"29/2/2024"},{"Payment":73352,"C_temp":20,"H_temp":89,"Check_out_Date":"27/8/2023","Reservation_Id":83,"Check_in_Date":"9/3/2024"},{"Payment":84508,"C_temp":20,"H_temp":89,"Check_out_Date":"24/9/2023","Reservation_Id":13,"Check_in_Date":"30/5/2023"},{"Payment":93745,"C_temp":20,"H_temp":89,"Check_out_Date":"9/11/2023","Reservation_Id":19,"Check_in_Date":"12/8/2023"},{"Payment":73680,"C_temp":50,"H_temp":94,"Check_out_Date":"31/10/2023","Reservation_Id":9,"Check_in_Date":"11/6/2023"},{"Payment":69790,"C_temp":49,"H_temp":100,"Check_out_Date":"4/11/2023","Reservation_Id":53,"Check_in_Date":"25/2/2024"},{"Payment":82040,"C_temp":49,"H_temp":91,"Check_out_Date":"30/7/2023","Reservation_Id":4,"Check_in_Date":"27/2/2024"},{"Payment":74312,"C_temp":39,"H_temp":93,"Check_out_Date":"13/9/2023","Reservation_Id":36,"Check_in_Date":"24/11/2023"},{"Payment":64876,"C_temp":12,"H_temp":94,"Check_out_Date":"8/4/2023","Reservation_Id":54,"Check_in_Date":"8/2/2024"},{"Payment":82146,"C_temp":19,"H_temp":94,"Check_out_Date":"21/7/2023","Reservation_Id":60,"Check_in_Date":"15/1/2024"},{"Payment":93763,"C_temp":38,"H_temp":94,"Check_out_Date":"2/10/2023","Reservation_Id":79,"Check_in_Date":"28/10/2023"},{"Payment":70622,"C_temp":38,"H_temp":94,"Check_out_Date":"7/1/2024","Reservation_Id":21,"Check_in_Date":"16/6/2023"},{"Payment":80243,"C_temp":38,"H_temp":94,"Check_out_Date":"5/11/2023","Reservation_Id":36,"Check_in_Date":"22/2/2024"},{"Payment":81583,"C_temp":39,"H_temp":94,"Check_out_Date":"2/6/2023","Reservation_Id":2,"Check_in_Date":"28/8/2023"},{"Payment":77373,"C_temp":9,"H_temp":94,"Check_out_Date":"22/1/2024","Reservation_Id":75,"Check_in_Date":"20/3/2024"},{"Payment":88930,"C_temp":9,"H_temp":94,"Check_out_Date":"19/8/2023","Reservation_Id":37,"Check_in_Date":"20/7/2023"},{"Payment":82230,"C_temp":12,"H_temp":94,"Check_out_Date":"17/2/2024","Reservation_Id":71,"Check_in_Date":"2/2/2024"},{"Payment":53578,"C_temp":39,"H_temp":94,"Check_out_Date":"12/2/2024","Reservation_Id":29,"Check_in_Date":"6/8/2023"},{"Payment":96135,"C_temp":39,"H_temp":94,"Check_out_Date":"16/4/2023","Reservation_Id":97,"Check_in_Date":"7/2/2024"},{"Payment":75568,"C_temp":20,"H_temp":91,"Check_out_Date":"12/10/2023","Reservation_Id":80,"Check_in_Date":"12/4/2023"},{"Payment":59041,"C_temp":20,"H_temp":91,"Check_out_Date":"22/11/2023","Reservation_Id":21,"Check_in_Date":"28/1/2024"},{"Payment":76481,"C_temp":14,"H_temp":91,"Check_out_Date":"13/12/2023","Reservation_Id":88,"Check_in_Date":"1/4/2023"},{"Payment":99663,"C_temp":26,"H_temp":90,"Check_out_Date":"4/8/2023","Reservation_Id":57,"Check_in_Date":"21/10/2023"},{"Payment":87716,"C_temp":26,"H_temp":77,"Check_out_Date":"5/6/2023","Reservation_Id":42,"Check_in_Date":"5/8/2023"},{"Payment":73275,"C_temp":26,"H_temp":94,"Check_out_Date":"11/12/2023","Reservation_Id":33,"Check_in_Date":"9/8/2023"},{"Payment":76696,"C_temp":26,"H_temp":94,"Check_out_Date":"6/10/2023","Reservation_Id":18,"Check_in_Date":"22/2/2024"},{"Payment":55936,"C_temp":26,"H_temp":94,"Check_out_Date":"2/2/2024","Reservation_Id":76,"Check_in_Date":"5/7/2023"},{"Payment":99539,"C_temp":26,"H_temp":94,"Check_out_Date":"17/12/2023","Reservation_Id":70,"Check_in_Date":"1/4/2023"},{"Payment":70857,"C_temp":26,"H_temp":73,"Check_out_Date":"24/4/2023","Reservation_Id":40,"Check_in_Date":"19/9/2023"},{"Payment":87711,"C_temp":44,"H_temp":73,"Check_out_Date":"4/12/2023","Reservation_Id":46,"Check_in_Date":"1/5/2023"},{"Payment":78319,"C_temp":44,"H_temp":73,"Check_out_Date":"25/12/2023","Reservation_Id":33,"Check_in_Date":"21/6/2023"},{"Payment":84021,"C_temp":44,"H_temp":96,"Check_out_Date":"8/3/2024","Reservation_Id":46,"Check_in_Date":"13/12/2023"},{"Payment":74318,"C_temp":44,"H_temp":94,"Check_out_Date":"27/1/2024","Reservation_Id":18,"Check_in_Date":"18/9/2023"},{"Payment":89248,"C_temp":48,"H_temp":94,"Check_out_Date":"23/10/2023","Reservation_Id":82,"Check_in_Date":"4/12/2023"},{"Payment":84043,"C_temp":22,"H_temp":80,"Check_out_Date":"7/2/2024","Reservation_Id":66,"Check_in_Date":"18/11/2023"},{"Payment":88048,"C_temp":22,"H_temp":99,"Check_out_Date":"11/7/2023","Reservation_Id":55,"Check_in_Date":"23/2/2024"},{"Payment":62953,"C_temp":22,"H_temp":99,"Check_out_Date":"26/2/2024","Reservation_Id":99,"Check_in_Date":"21/3/2024"},{"Payment":55990,"C_temp":15,"H_temp":99,"Check_out_Date":"16/8/2023","Reservation_Id":90,"Check_in_Date":"5/6/2023"},{"Payment":66935,"C_temp":15,"H_temp":30,"Check_out_Date":"23/3/2024","Reservation_Id":36,"Check_in_Date":"17/5/2023"},{"Payment":96745,"C_temp":18,"H_temp":30,"Check_out_Date":"12/11/2023","Reservation_Id":51,"Check_in_Date":"22/12/2023"},{"Payment":85404,"C_temp":18,"H_temp":30,"Check_out_Date":"11/11/2023","Reservation_Id":78,"Check_in_Date":"15/9/2023"},{"Payment":58463,"C_temp":18,"H_temp":30,"Check_out_Date":"5/11/2023","Reservation_Id":83,"Check_in_Date":"9/6/2023"},{"Payment":50359,"C_temp":35,"H_temp":74,"Check_out_Date":"9/6/2023","Reservation_Id":52,"Check_in_Date":"7/1/2024"},{"Payment":58319,"C_temp":35,"H_temp":74,"Check_out_Date":"24/9/2023","Reservation_Id":87,"Check_in_Date":"20/11/2023"},{"Payment":67796,"C_temp":35,"H_temp":74,"Check_out_Date":"25/2/2024","Reservation_Id":79,"Check_in_Date":"23/6/2023"},{"Payment":61099,"C_temp":9,"H_temp":74,"Check_out_Date":"21/6/2023","Reservation_Id":24,"Check_in_Date":"27/4/2023"},{"Payment":59512,"C_temp":9,"H_temp":88,"Check_out_Date":"17/12/2023","Reservation_Id":3,"Check_in_Date":"9/7/2023"},{"Payment":88670,"C_temp":15,"H_temp":88,"Check_out_Date":"21/3/2024","Reservation_Id":93,"Check_in_Date":"30/11/2023"},{"Payment":72492,"C_temp":15,"H_temp":88,"Check_out_Date":"20/10/2023","Reservation_Id":72,"Check_in_Date":"8/12/2023"},{"Payment":68446,"C_temp":15,"H_temp":76,"Check_out_Date":"21/1/2024","Reservation_Id":29,"Check_in_Date":"17/12/2023"},{"Payment":58473,"C_temp":18,"H_temp":76,"Check_out_Date":"7/5/2023","Reservation_Id":88,"Check_in_Date":"25/7/2023"},{"Payment":83526,"C_temp":18,"H_temp":76,"Check_out_Date":"14/7/2023","Reservation_Id":96,"Check_in_Date":"2/9/2023"},{"Payment":67206,"C_temp":20,"H_temp":76,"Check_out_Date":"16/6/2023","Reservation_Id":45,"Check_in_Date":"6/1/2024"},{"Payment":84411,"C_temp":39,"H_temp":76,"Check_out_Date":"28/7/2023","Reservation_Id":68,"Check_in_Date":"25/4/2023"},{"Payment":52977,"C_temp":10,"H_temp":77,"Check_out_Date":"7/3/2024","Reservation_Id":35,"Check_in_Date":"7/3/2024"},{"Payment":76435,"C_temp":10,"H_temp":98,"Check_out_Date":"19/4/2023","Reservation_Id":53,"Check_in_Date":"6/8/2023"},{"Payment":67052,"C_temp":10,"H_temp":98,"Check_out_Date":"30/7/2023","Reservation_Id":89,"Check_in_Date":"3/4/2023"},{"Payment":57337,"C_temp":19,"H_temp":96,"Check_out_Date":"17/4/2023","Reservation_Id":13,"Check_in_Date":"9/11/2023"},{"Payment":50794,"C_temp":19,"H_temp":96,"Check_out_Date":"21/4/2023","Reservation_Id":89,"Check_in_Date":"23/4/2023"},{"Payment":90351,"C_temp":19,"H_temp":96,"Check_out_Date":"18/10/2023","Reservation_Id":98,"Check_in_Date":"21/10/2023"},{"Payment":80000,"C_temp":19,"H_temp":96,"Check_out_Date":"28/12/2023","Reservation_Id":30,"Check_in_Date":"30/12/2023"}]