[{"first_name":"Hanni","last_name":"Pass","email":"hpass0@home.pl","mobile_number":"9662170060","customer_id":1,"identification_type":"Driving License"},{"first_name":"Mendy","last_name":"Branscombe","email":"mbranscombe6@nba.com","mobile_number":"5406990329","customer_id":7,"identification_type":"Driving License"},{"first_name":"Pansie lee","last_name":"Gilhooley","email":"pgilhooley9@apple.com","mobile_number":"7857155978","customer_id":10,"identification_type":"Pan Card"},{"first_name":"Katheryn","last_name":"Gladdis","email":"kgladdisa@columbia.edu","mobile_number":"8301582433","customer_id":11,"identification_type":"Driving License"},{"first_name":"Benedicto","last_name":"Kemell","email":"bkemellb@squarespace.com","mobile_number":"9048966360","customer_id":12,"identification_type":"Driving License"},{"first_name":"Linell","last_name":"Cruz","email":"lcruzd@sciencedirect.com","mobile_number":"3737869488","customer_id":14,"identification_type":"Aadhar Card"},{"first_name":"Gladi","last_name":"Chasmor","email":"gchasmore@deliciousdays.com","mobile_number":"6524531409","customer_id":15,"identification_type":"Driving License"},{"first_name":"Sabine","last_name":"Ranns","email":"srannsf@senate.gov","mobile_number":"9312172149","customer_id":16,"identification_type":"Aadhar Card"},{"first_name":"Sayre","last_name":"Esmead","email":"sesmeadg@indiatimes.com","mobile_number":"1808372704","customer_id":17,"identification_type":"Driving License"},{"first_name":"Tomi","last_name":"Gremain","email":"tgremainh@senate.gov","mobile_number":"9838509873","customer_id":18,"identification_type":"Pan Card"},{"first_name":"Cody","last_name":"Hann","email":"channi@mapquest.com","mobile_number":"8858981332","customer_id":19,"identification_type":"Driving License"},{"first_name":"Emanuele","last_name":"Fleckno","email":"eflecknoj@howstuffworks.com","mobile_number":"5684534998","customer_id":20,"identification_type":"Pan Card"},{"first_name":"Ginevra","last_name":"Nanson","email":"gnansonk@deliciousdays.com","mobile_number":"4523074014","customer_id":21,"identification_type":"Aadhar Card"},{"first_name":"Holly","last_name":"Rusted","email":"hrustedl@dion.ne.jp","mobile_number":"1951344177","customer_id":22,"identification_type":"Aadhar Card"},{"first_name":"Tamma","last_name":"Hannant","email":"thannantm@chron.com","mobile_number":"1174793463","customer_id":23,"identification_type":"Driving License"},{"first_name":"Tremaine","last_name":"Lafond","email":"tlafondn@ow.ly","mobile_number":"9447158173","customer_id":24,"identification_type":"Aadhar Card"},{"first_name":"Nels","last_name":"Maund","email":"nmaundo@google.com.br","mobile_number":"1941746108","customer_id":25,"identification_type":"Driving License"},{"first_name":"Alice","last_name":"Corney","email":"acorneyp@princeton.edu","mobile_number":"6491287259","customer_id":26,"identification_type":"Driving License"},{"first_name":"Gibb","last_name":"Sonschein","email":"gsonscheinq@imdb.com","mobile_number":"5023553352","customer_id":27,"identification_type":"Pan Card"},{"first_name":"Josh","last_name":"Fetherston","email":"jfetherstonr@goo.gl","mobile_number":"7631464779","customer_id":28,"identification_type":"Driving License"},{"first_name":"Erina","last_name":"Tender","email":"etenders@seesaa.net","mobile_number":"9483764237","customer_id":29,"identification_type":"Aadhar Card"},{"first_name":"Marabel","last_name":"Norway","email":"mnorwayt@blinklist.com","mobile_number":"8127345998","customer_id":30,"identification_type":"Pan Card"},{"first_name":"Rubia","last_name":"Hale","email":"rhaleu@behance.net","mobile_number":"6672296232","customer_id":31,"identification_type":"Pan Card"},{"first_name":"Ulrikaumeko","last_name":"Le Floch","email":"uleflochx@nytimes.com","mobile_number":"2423255083","customer_id":34,"identification_type":"Driving License"},{"first_name":"Germaine","last_name":"Alexsandrowicz","email":"galexsandrowiczy@blogspot.com","mobile_number":"5708335998","customer_id":35,"identification_type":"Aadhar Card"},{"first_name":"Tull","last_name":"Sewart","email":"tsewartz@mac.com","mobile_number":"9527534100","customer_id":36,"identification_type":"Aadhar Card"},{"first_name":"Glyn","last_name":"Burstowe","email":"gburstowe10@zimbio.com","mobile_number":"9871036873","customer_id":37,"identification_type":"Driving License"},{"first_name":"Carmelina","last_name":"Quixley","email":"cquixley11@tinyurl.com","mobile_number":"3818248792","customer_id":38,"identification_type":"Aadhar Card"},{"first_name":"Roxy","last_name":"Killwick","email":"rkillwick12@de.vu","mobile_number":"9754222288","customer_id":39,"identification_type":"Aadhar Card"},{"first_name":"Roi","last_name":"Feifer","email":"rfeifer13@4shared.com","mobile_number":"3437232262","customer_id":40,"identification_type":"Driving License"},{"first_name":"Rollin","last_name":"McCroft","email":"rmccroft14@irs.gov","mobile_number":"6466128104","customer_id":41,"identification_type":"Pan Card"},{"first_name":"Elset","last_name":"Trenholm","email":"etrenholm15@nationalgeographic.com","mobile_number":"1473926940","customer_id":42,"identification_type":"Driving License"},{"first_name":"Billy","last_name":"Swatheridge","email":"bswatheridge16@seesaa.net","mobile_number":"4737817841","customer_id":43,"identification_type":"Pan Card"},{"first_name":"Suzanna","last_name":"Guittet","email":"sguittet17@i2i.jp","mobile_number":"2036010546","customer_id":44,"identification_type":"Pan Card"},{"first_name":"Charity","last_name":"Ringsell","email":"cringsell18@omniture.com","mobile_number":"7591421023","customer_id":45,"identification_type":"Pan Card"},{"first_name":"Ebenezer","last_name":"Janak","email":"ejanak19@cdc.gov","mobile_number":"4495504625","customer_id":46,"identification_type":"Driving License"},{"first_name":"Foss","last_name":"Barizeret","email":"fbarizeret1a@twitter.com","mobile_number":"7982081591","customer_id":47,"identification_type":"Pan Card"},{"first_name":"Kalila","last_name":"Dollman","email":"kdollman1b@mapy.cz","mobile_number":"7876353555","customer_id":48,"identification_type":"Pan Card"},{"first_name":"Heywood","last_name":"Roderigo","email":"hroderigo1c@irs.gov","mobile_number":"3392682980","customer_id":49,"identification_type":"Driving License"},{"first_name":"Garnet","last_name":"Simmonds","email":"gsimmonds1d@livejournal.com","mobile_number":"8733758163","customer_id":50,"identification_type":"Driving License"},{"first_name":"Supriya","last_name":"Nayak","email":"supabc","mobile_number":"6558859","customer_id":30,"identification_type":"Pan Card"},{"first_name":"Supriya","last_name":"Nayak","email":"supabc@gmail.com","mobile_number":"9865556788","customer_id":30,"identification_type":"Pan Card"},{"first_name":"Supriya","last_name":"Nayak","email":"supriya@gmail.com","mobile_number":"8976646788","customer_id":30,"identification_type":"Aadhar Card"},{"first_name":"Supriya","last_name":"Nayak","email":"supriya@gmail.com","mobile_number":"8976646788","customer_id":30,"identification_type":"Aadhar Card"},{"first_name":"Rusham","last_name":"Mankani","email":"abc@gmail.com","mobile_number":"9987019246","customer_id":50,"identification_type":"Aadhar Card"},{"first_name":"Neha","last_name":"Mankani","email":"nehoo@gmail.com","mobile_number":"9819877874","customer_id":55,"identification_type":"Pan Card"},{"first_name":"leena","last_name":"pagare","email":"leena@gmai.com","mobile_number":"9987019246","customer_id":1,"identification_type":"black hair"},{"first_name":"leena","last_name":"pagare","email":"leena@gmai.com","mobile_number":"9987019246","customer_id":1,"identification_type":"black hair"},{"first_name":"leena","last_name":"pagare","email":"leena@gmai.com","mobile_number":"9987019246","customer_id":1,"identification_type":"black hair"},{"first_name":"leena","last_name":"pagare","email":"leena@gmai.com","mobile_number":"9987019246","customer_id":1,"identification_type":"black hair"},{"first_name":"leena","last_name":"pagare","email":"leena@gmai.com","mobile_number":"9987019246","customer_id":1,"identification_type":"12121212"},{"first_name":"Leena ","last_name":"Mankani","email":"lmankani@gmail.com","mobile_number":"9920196226","customer_id":21,"identification_type":"Aadhar Card"}]